<?xml version="1.0" encoding="UTF-8"?>
<project-private xmlns="http://www.netbeans.org/ns/project-private/1">
    <editor-bookmarks xmlns="http://www.netbeans.org/ns/editor-bookmarks/2" lastBookmarkId="0"/>
    <open-files xmlns="http://www.netbeans.org/ns/projectui-open-files/2">
        <group>
            <file>file:/C:/Users/Amorette/Documents/NetBeansProjects/AmoretteResorts/test/amoretteresorts/service/ResortSvcSIOImplTest.java</file>
            <file>file:/C:/Users/Amorette/Documents/NetBeansProjects/AmoretteResorts/src/amoretteresorts/service/ResortSvcSIOImpl.java</file>
            <file>file:/C:/Users/Amorette/Documents/NetBeansProjects/AmoretteResorts/test/amoretteresorts/domain/ResortTest.java</file>
            <file>file:/C:/Users/Amorette/Documents/NetBeansProjects/AmoretteResorts/src/amoretteresorts/AmoretteResorts.java</file>
        </group>
    </open-files>
</project-private>
